PMID,Title,Authors,Citation,First Author,Journal/Book,Publication Year,Create Date,PMCID,NIHMS ID,DOI
"39298932","Cefiderocol as rescue therapy in a cancer immunosuppressed critically ill child: Case description and literature review","Añón-Hidalgo J, Garrido-Rodríguez M, González-Abad MJ, Cuervas-Mons Vendrell M, García-Ascaso MT, Díaz Pérez D, García-Salido A.","Diagn Microbiol Infect Dis. 2024 Dec;110(4):116539. doi: 10.1016/j.diagmicrobio.2024.116539. Epub 2024 Sep 13.","Añón-Hidalgo J","Diagn Microbiol Infect Dis","2024","2024/09/19","","","10.1016/j.diagmicrobio.2024.116539"
"39193993","Impact of nirsevimab on admission to a Spanish pediatric intensive care unit because of RSV bronchiolitis: Unicentric observational study from 2017 to 2024","Espeleta-Fox A, García-Salido A, Vallespín-Casas A, Leoz-Gordillo I, Unzueta-Roch JL, De Lama Caro-Patón G, García-Teresa MÁ, Martínez de Azagra-Garde A.","Pediatr Pulmonol. 2024 Dec;59(12):3783-3786. doi: 10.1002/ppul.27231. Epub 2024 Aug 28.","Espeleta-Fox A","Pediatr Pulmonol","2024","2024/08/28","","","10.1002/ppul.27231"
"39448319","Neutrophil CD64 expression increases in infants aged less than 3 months with fever without source: pilot study in the paediatric emergency care setting","Antoñanzas Bernar V, Storch de Gracia-Calvo P, Leoz Gordillo I, Castillo Robleda A, García-Salido A.","An Pediatr (Engl Ed). 2024 Oct 23:S2341-2879(24)00266-7. doi: 10.1016/j.anpede.2024.08.006. Online ahead of print.","Antoñanzas Bernar V","An Pediatr (Engl Ed)","2024","2024/10/24","","","10.1016/j.anpede.2024.08.006"
"38670891","High-flow nasal cannula in Spanish Pediatric Intensive Care Services: A national web survey about its use and indications","García-Salido A, Modesto I Alapont V, Medina-Villanueva A; Spanish respiratory group of the Spanish Society of Pediatric Intensive Care.","Med Intensiva (Engl Ed). 2024 Sep;48(9):520-527. doi: 10.1016/j.medine.2024.03.012. Epub 2024 Apr 25.","García-Salido A","Med Intensiva (Engl Ed)","2024","2024/04/26","","","10.1016/j.medine.2024.03.012"
"38656611","Prospective observational pilot study on bedside lung ultrasound in patients with severe acute bronchiolitis and pediatric intensive care admission","Cabrero-Hernández M, García-Salido A, Leoz-Gordillo I, González-Brabin A, Iglesias-Bouzas MI, Unzueta-Roch JL, De Lama Caro-Patón G, Nieto-Moro M.","Pediatr Pulmonol. 2024 Jul;59(7):2063-2065. doi: 10.1002/ppul.27026. Epub 2024 Apr 24.","Cabrero-Hernández M","Pediatr Pulmonol","2024","2024/04/24","","","10.1002/ppul.27026"
"38142698","Profiling the dysregulated immune response in sepsis: overcoming challenges to achieve the goal of precision medicine","Cajander S, Kox M, Scicluna BP, Weigand MA, Mora RA, Flohé SB, Martin-Loeches I, Lachmann G, Girardis M, Garcia-Salido A, Brunkhorst FM, Bauer M, Torres A, Cossarizza A, Monneret G, Cavaillon JM, Shankar-Hari M, Giamarellos-Bourboulis EJ, Winkler MS, Skirecki T, Osuchowski M, Rubio I, Bermejo-Martin JF, Schefold JC, Venet F.","Lancet Respir Med. 2024 Apr;12(4):305-322. doi: 10.1016/S2213-2600(23)00330-2. Epub 2023 Dec 21.","Cajander S","Lancet Respir Med","2024","2023/12/24","","","10.1016/S2213-2600(23)00330-2"
"38591736","SARS-COV2 pandemic impact on suicide attempts admitted to pediatric critical care: A monographical observational retrospective study","Moral-Larraz A, García-Salido A, Lamagrande-Casanova N, Di Campli-Zaghlul M, Braza-Claver M, Nieto-Moro M.","Span J Psychiatry Ment Health. 2023 Oct-Dec;16(4):259-261. doi: 10.1016/j.sjpmh.2023.05.003. Epub 2023 Sep 21.","Moral-Larraz A","Span J Psychiatry Ment Health","2023","2024/04/09","","","10.1016/j.sjpmh.2023.05.003"
"37493137","Characteristics and management of patients with SARS-CoV2 infection admitted to pediatric intensive care units: Data analysis of the Spanish national multicenter registry","Slöcker Barrio M, Belda Hofheinz S, Guitart Pardellans C, García-Salido A, de Carlos Vicente JC, Cuervas-Mons Tejedor M, Hernández Yuste A, Jiménez Olmos A, Morteruel Arizcuren E, García-Besteiro M, Calvo Monge C, Rodríguez Rubio M, Roca Pascual D, Bermúdez Barrezueta L, Martínez Padilla C, Huidobro Labarga B, Oulego-Erroz I, Sanchíz Cárdenas S, Rey Galan C, Holanda Peña MS, González Navarro P, Cortés RG; Spanish Pediatric Intensive Care Society working group on SARS-Cov2 infection.","Pediatr Pulmonol. 2023 Oct;58(10):2916-2929. doi: 10.1002/ppul.26613. Epub 2023 Jul 26.","Slöcker Barrio M","Pediatr Pulmonol","2023","2023/07/26","","","10.1002/ppul.26613"
"36772991","IgG antispike persistence and immunophenotype in children infected by SARS-CoV-2","García-Salido A, Flores-Pérez P, González-Murillo Á, Sánchez-Marcos E, Leoz-Gordillo I, Cano-Fernández J, Castillo-Robleda A, Nieto-Moro M, Jiménez-García R.","Acta Paediatr. 2023 Apr;112(4):805-812. doi: 10.1111/apa.16705. Epub 2023 Feb 17.","García-Salido A","Acta Paediatr","2023","2023/02/11","","","10.1111/apa.16705"
"38150712","High-flow nasal cannula and non-invasive mechanical ventilation in pediatric asthma exacerbation: two-year prospective observational study in intensive care","Delgado CS, García-Salido A, García-Teresa MÁ, Azagra-Garde AM, Leoz-Gordillo I, Caro-Patón GL, Nieto-Moro M.","Bol Med Hosp Infant Mex. 2023;80(6):355-360. doi: 10.24875/BMHIM.23000070.","Delgado CS","Bol Med Hosp Infant Mex","2023","2023/12/27","","","10.24875/BMHIM.23000070"
"36603965","Fatal Pulmonary Veno-Occlusive Disease and Systemic Juvenile Idiopathic Arthritis: Case Report and Literature Review","Escalada-Pellitero S, García-Salido A, Clemente-Garulo D, Azorín-Cuadrillero D, De Lama Caro-Patón G, López-Robledillo JC.","Reumatol Clin (Engl Ed). 2023 Jan;19(1):53-56. doi: 10.1016/j.reumae.2022.12.001.","Escalada-Pellitero S","Reumatol Clin (Engl Ed)","2023","2023/01/05","","","10.1016/j.reumae.2022.12.001"
"36374062","Update on the palliative care approach at the pediatric intensive care unit","García-Salido A, Navarro-Mingorance Á, Martino-Alba R, Nieto-Moro M.","Arch Argent Pediatr. 2022 Dec;120(6):e255-e263. doi: 10.5546/aap.2022.eng.e255. Epub 2022 Oct 25.","García-Salido A","Arch Argent Pediatr","2022","2022/11/14","","","10.5546/aap.2022.eng.e255"
"36102705","Multisystem Inflammatory Syndrome in Children in Western Countries? Decreasing Incidence as the Pandemic Progresses?: An Observational Multicenter International Cross-sectional Study","Buonsenso D, Perramon A, Català M, Torres JP, Camacho-Moreno G, Rojas-Solano M, Ulloa-Gutierrez R, Camacho-Badilla K, Pérez-Corrales C, Cotugno N, Yamazaki-Nakashimada MA, Estripeaut D, Buddingh EP, von Asmuth E, van Rossum AMC, Soler-Palacin P, Rivière JG, Prats C, Pino R, Paredes-Carmona F, Visa-Reñé N, García-Salido A, Martínez-Mejias A, Soriano-Arandes A; COPP-consortium; COPEDI-CAT Research Group.","Pediatr Infect Dis J. 2022 Dec 1;41(12):989-993. doi: 10.1097/INF.0000000000003713. Epub 2022 Oct 21.","Buonsenso D","Pediatr Infect Dis J","2022","2022/09/14","PMC9645445","","10.1097/INF.0000000000003713"
"35017769","[Sequelae in children with severe SARS-CoV-2-related disease requiring Intensive Care: description and comparison with other reasons for admission]","Leoz Gordillo I, García Remiro J, Barbero Peco C, Alonso Pérez A, García Salido A, González Brabin A, Cabrero Hernández M, Nieto Moro M.","Med Intensiva. 2022 Oct;46(10):585-587. doi: 10.1016/j.medin.2021.12.011. Epub 2022 Jan 7.","Leoz Gordillo I","Med Intensiva","2022","2022/01/12","PMC8739030","","10.1016/j.medin.2021.12.011"
"35394410","PIMS-TS immunophenotype: description and comparison with healthy children, Kawasaki disease and severe viral and bacterial infections","García-Salido A, Leoz-Gordillo I, González Brabin A, García-Teresa MÁ, Martínez-de-Azagra-Garde A, Iglesias-Bouzas MI, Cabrero-Hernández M, De Lama Caro-Patón G, Unzueta-Roch JL, Castillo-Robleda A, Ramirez-Orellana M, Nieto-Moro M.","Infect Dis (Lond). 2022 Sep;54(9):687-691. doi: 10.1080/23744235.2022.2059561. Epub 2022 Apr 8.","García-Salido A","Infect Dis (Lond)","2022","2022/04/08","","","10.1080/23744235.2022.2059561"
"35253362","Methotrexate-induced stroke-like neurotoxicity: Case report, 8 years of experience, and literature review","López-De Suso D, García-Salido A, Andión-Catalán M, Leoz-Gordillo I, Lassaleta-Atienza Á, Sirvent-Cerdá S.","Pediatr Blood Cancer. 2022 Sep;69(9):e29627. doi: 10.1002/pbc.29627. Epub 2022 Mar 6.","López-De Suso D","Pediatr Blood Cancer","2022","2022/03/07","","","10.1002/pbc.29627"
"34658473","[Use of thoracic ultrasound in the assessment and follow-up of seriously ill children due to pediatric inflammatory multisystemic syndrome: Observational prospective study]","González-Brabin A, Cabrero-Hernández M, García-Salido A, Leoz-Gordillo I, Iglesias-Bouzas MI, Nieto-Moro M.","Med Intensiva. 2022 Aug;46(8):477-480. doi: 10.1016/j.medin.2021.08.008. Epub 2021 Oct 9.","González-Brabin A","Med Intensiva","2022","2021/10/18","PMC8502041","","10.1016/j.medin.2021.08.008"
"35527192","Descriptive analysis of SARS-CoV-2 pandemia impact on pediatric intensive care unit admissions","García-Salido A, Leoz-Gordillo I, García-Teresa MÁ, Iglesias-Bouzas MI, Martínez de Azagra-Garde A, Nieto-Moro M.","Med Intensiva (Engl Ed). 2022 Jun;46(6):350-352. doi: 10.1016/j.medine.2022.04.002. Epub 2022 May 5.","García-Salido A","Med Intensiva (Engl Ed)","2022","2022/05/08","PMC9069302","","10.1016/j.medine.2022.04.002"
"34226780","[Descriptive analysis of SARS-CoV-2 pandemia impact on pediatric intensive care unit admissions]","García-Salido A, Leoz-Gordillo I, García-Teresa MÁ, Iglesias-Bouzas MI, Martínez de Azagra-Garde A, Nieto-Moro M.","Med Intensiva. 2022 Jun;46(6):350-352. doi: 10.1016/j.medin.2021.06.002. Epub 2021 Jun 30.","García-Salido A","Med Intensiva","2022","2021/07/06","PMC8241680","","10.1016/j.medin.2021.06.002"
"34228173","Palliative home-based care to pediatric cancer patients: characteristics and healthcare delivered","Noriega Í, García-Salido A, Martino R, Herrero B.","Support Care Cancer. 2022 Jan;30(1):59-67. doi: 10.1007/s00520-021-06412-5. Epub 2021 Jul 6.","Noriega Í","Support Care Cancer","2022","2021/07/06","","","10.1007/s00520-021-06412-5"
"33994613","Innate cell response in severe SARS-CoV-2 infection in children: Expression analysis of CD64, CD18 and CD11a","García-Salido A, García-Teresa MÁ, Leoz-Gordillo I, Martínez de Azagra-Garde A, Cabrero-Hernández M, Ramirez-Orellana M.","Med Intensiva. 2022 Jan;46(1):50-53. doi: 10.1016/j.medin.2020.09.003. Epub 2020 Sep 30.","García-Salido A","Med Intensiva","2022","2021/05/17","PMC7524662","","10.1016/j.medin.2020.09.003"
"34515331","Pediatric septic thrombosis of intracranial venous sinuses: from diagnosis to discharge. Twenty years of experience","Cortés-Ledesma C, García-Salido A, Garriga Ferrer-Bergua L, Cabrero-Hernández M, Palomino-Pérez L, de Lama-Caro Patón G, Jiménez-García R.","Rev Neurol. 2021 Sep 1;73(6):187-193. doi: 10.33588/rn.7306.2020586.","Cortés-Ledesma C","Rev Neurol","2021","2021/09/13","","","10.33588/rn.7306.2020586"
"34059220","Summary of recommendations and key points of the consensus of Spanish scientific societies (SEPAR, SEMICYUC, SEMES; SECIP, SENEO, SEDAR, SENP) on the use of non-invasive ventilation and high-flow oxygen therapy with nasal cannulas in adult, pediatric, and neonatal patients with severe acute respiratory failure","Luján M, Peñuelas Ó, Cinesi Gómez C, García-Salido A, Moreno Hernando J, Romero Berrocal A, Gutiérrez Ibarluzea I, Masa Jiménez JF, Mas A, Carratalá Perales JM, Gaboli M, Concheiro Guisán A, García Fernández J, Escámez J, Parrilla Parrilla J, Farrero Muñoz E, González M, Heili-Frades SB, Sánchez Quiroga MÁ, Rialp Cervera G, Hernández G, Sánchez Torres A, Uña R, Ortolà CF, Ferrer Monreal M, Egea Santaolalla C.","Med Intensiva (Engl Ed). 2021 Jun-Jul;45(5):298-312. doi: 10.1016/j.medine.2021.04.002. Epub 2021 May 11.","Luján M","Med Intensiva (Engl Ed)","2021","2021/06/01","","","10.1016/j.medine.2021.04.002"
"33965003","The COVID-19 puzzle: deciphering pathophysiology and phenotypes of a new disease entity","Osuchowski MF, Winkler MS, Skirecki T, Cajander S, Shankar-Hari M, Lachmann G, Monneret G, Venet F, Bauer M, Brunkhorst FM, Weis S, Garcia-Salido A, Kox M, Cavaillon JM, Uhle F, Weigand MA, Flohé SB, Wiersinga WJ, Almansa R, de la Fuente A, Martin-Loeches I, Meisel C, Spinetti T, Schefold JC, Cilloniz C, Torres A, Giamarellos-Bourboulis EJ, Ferrer R, Girardis M, Cossarizza A, Netea MG, van der Poll T, Bermejo-Martín JF, Rubio I.","Lancet Respir Med. 2021 Jun;9(6):622-642. doi: 10.1016/S2213-2600(21)00218-6. Epub 2021 May 6.","Osuchowski MF","Lancet Respir Med","2021","2021/05/09","PMC8102044","","10.1016/S2213-2600(21)00218-6"
"33864769","Low COVID-19 mortality in Spanish children","Tagarro A, García-Salido A, Martínez EV, Vega-Piris L, Mellado MJ.","Lancet Child Adolesc Health. 2021 Jun;5(6):e24-e25. doi: 10.1016/S2352-4642(21)00125-5. Epub 2021 Apr 15.","Tagarro A","Lancet Child Adolesc Health","2021","2021/04/17","PMC9765003","","10.1016/S2352-4642(21)00125-5"
"33606475","Live Tweeting the Discovery of a New Coronavirus Disease 2019-Related Syndrome in Children","Zanin A, García-Salido A, Rodríguez-Rubio M, Camporesi A, Ulloa-Gutierrez R, Villar ME, González-Dambrauskas S, Kudchadkar SR, Carroll CL.","Pediatr Crit Care Med. 2021 Jun 1;22(6):e373-e375. doi: 10.1097/PCC.0000000000002713.","Zanin A","Pediatr Crit Care Med","2021","2021/02/19","PMC8168931","","10.1097/PCC.0000000000002713"
"33309463","Summary of recommendations and key points of the consensus of Spanish scientific societies (SEPAR, SEMICYUC, SEMES; SECIP, SENEO, SEDAR, SENP) on the use of non-invasive ventilation and high-flow oxygen therapy with nasal cannulas in adult, pediatric, and neonatal patients with severe acute respiratory failure","Luján M, Peñuelas Ó, Cinesi Gómez C, García-Salido A, Moreno Hernando J, Romero Berrocal A, Gutiérrez Ibarluzea I, Masa Jiménez JF, Mas A, Carratalá Perales JM, Gaboli M, Concheiro Guisán A, García Fernández J, Escámez J, Parrilla Parrilla J, Farrero Muñoz E, González M, Heili-Frades SB, Sánchez Quiroga MÁ, Rialp Cervera G, Hernández G, Sánchez Torres A, Uña R, Ortolà CF, Ferrer Monreal M, Egea Santaolalla C.","Med Intensiva (Engl Ed). 2021 Jun-Jul;45(5):298-312. doi: 10.1016/j.medin.2020.08.016. Epub 2020 Dec 10.","Luján M","Med Intensiva (Engl Ed)","2021","2020/12/14","","","10.1016/j.medin.2020.08.016"
"33842096","Cerebral Venous Sinus Thrombosis in a Pediatric Patient With COVID-19","Ippolito Bastidas H, Márquez-Pérez T, García-Salido A, Luglietto D, García Moreno R, Martínez de Azagra-Garde A, Nieto-Moro M, Leoz-Gordillo I, Budke M, Rivero-Martín B.","Neurol Clin Pract. 2021 Apr;11(2):e208-e210. doi: 10.1212/CPJ.0000000000000899.","Ippolito Bastidas H","Neurol Clin Pract","2021","2021/04/12","PMC8032432","","10.1212/CPJ.0000000000000899"
"33813139","Bridging animal and clinical research during SARS-CoV-2 pandemic: A new-old challenge","Winkler MS, Skirecki T, Brunkhorst FM, Cajander S, Cavaillon JM, Ferrer R, Flohé SB, García-Salido A, Giamarellos-Bourboulis EJ, Girardis M, Kox M, Lachmann G, Martin-Loeches I, Netea MG, Spinetti T, Schefold JC, Torres A, Uhle F, Venet F, Weis S, Scherag A, Rubio I, Osuchowski MF.","EBioMedicine. 2021 Apr;66:103291. doi: 10.1016/j.ebiom.2021.103291. Epub 2021 Apr 1.","Winkler MS","EBioMedicine","2021","2021/04/04","PMC8016444","","10.1016/j.ebiom.2021.103291"
"33331752","There is no SARS-WAR","Zanin A, Garcia-Salido A, Gonzalez-Dambrauskas S, Camporesi A.","Minerva Anestesiol. 2021 Apr;87(4):488-489. doi: 10.23736/S0375-9393.20.15214-3. Epub 2020 Dec 17.","Zanin A","Minerva Anestesiol","2021","2020/12/17","","","10.23736/S0375-9393.20.15214-3"
"33148089","Shock and Myocardial Injury in Children With Multisystem Inflammatory Syndrome Associated With SARS-CoV-2 Infection: What We Know. Case Series and Review of the Literature","Caro-Patón GL, de Azagra-Garde AM, García-Salido A, Cabrero-Hernández M, Tamariz A, Nieto-Moro M.","J Intensive Care Med. 2021 Apr;36(4):392-403. doi: 10.1177/0885066620969350. Epub 2020 Nov 5.","Caro-Patón GL","J Intensive Care Med","2021","2020/11/05","","","10.1177/0885066620969350"
"33469560","Spanish consensus document on diagnosis, stabilisation and treatment of pediatric multisystem inflammatory syndrome related to SARS-CoV-2 (SIM-PedS)","García-Salido A, Antón J, David Martínez-Pajares J, Garcia GG, Cortés BG, Tagarro A; Grupo de trabajo de la Asociación Española de Pediatría para el Síndrome Inflamatorio Multisistémico Pediátrico vinculado a SARS-CoV-2.","An Pediatr (Engl Ed). 2021 Feb;94(2):116.e1-116.e11. doi: 10.1016/j.anpede.2020.09.005. Epub 2021 Jan 14.","García-Salido A","An Pediatr (Engl Ed)","2021","2021/01/20","PMC7808726","","10.1016/j.anpede.2020.09.005"
"33339722","Respiratory and pharmacological management in severe acute bronchiolitis: Were clinical guidelines not written for critical care?","Marcos-Morales A, García-Salido A, Leoz-Gordillo I, de Lama Caro-Patón G, Martínez de Azagra-Garde A, García-Teresa MÁ, Iglesias-Bouzas MI, Nieto-Moro M, Serrano-González A, Casado-Flores J.","Arch Pediatr. 2021 Feb;28(2):150-155. doi: 10.1016/j.arcped.2020.11.007. Epub 2020 Dec 16.","Marcos-Morales A","Arch Pediatr","2021","2020/12/19","","","10.1016/j.arcped.2020.11.007"
"33132066","[Spanish consensus document on diagnosis, stabilisation and treatment of pediatric multisystem inflammatory syndrome related to SARS-CoV-2 (SIM-PedS)]","García-Salido A, Antón J, Martínez-Pajares JD, Giralt Garcia G, Gómez Cortés B, Tagarro A; Grupo de trabajo de la Asociación Española de Pediatría para el Síndrome Inflamatorio Multisistémico Pediátrico vinculado a SARS-CoV-2; Miembros del Grupo de trabajo de la Asociación Española de Pediatría para el Síndrome Inflamatorio Multisistémico Pediátrico vinculado a SARS-CoV-2; Belda Hofheinz S, Calvo Penadés I, de Carlos Vicente JC, Grasa Lozano CD, Hernández Bou S, Pino Ramírez RM, Núñez Cuadros E, Pérez-Lescure Picarzo J, Saavedra Lozano J, Salas-Mera D, Villalobos Pinto E.","An Pediatr (Engl Ed). 2021 Feb;94(2):116.e1-116.e11. doi: 10.1016/j.anpedi.2020.09.005. Epub 2020 Oct 31.","García-Salido A","An Pediatr (Engl Ed)","2021","2020/11/02","PMC7604157","","10.1016/j.anpedi.2020.09.005"
"33521315","CD64, CD11a and CD18 leukocytes expression in children with SARS-CoV-2 multisystem inflammatory syndrome versus children with Kawasaki disease: Similar but not the same","García-Salido A, Cuenca-Carcelén S, Castillo-Robleda A.","Med Clin (Engl Ed). 2021 Jan 22;156(2):89-91. doi: 10.1016/j.medcle.2020.09.002. Epub 2021 Jan 14.","García-Salido A","Med Clin (Engl Ed)","2021","2021/02/01","PMC7831989","","10.1016/j.medcle.2020.09.002"
"33160625","CD64, CD11a and CD18 leukocytes expression in children with SARS-CoV-2 multisystem inflammatory syndrome versus children with Kawasaki disease: Similar but not the same","García-Salido A, Cuenca-Carcelén S, Castillo-Robleda A.","Med Clin (Barc). 2021 Jan 22;156(2):89-91. doi: 10.1016/j.medcli.2020.09.002. Epub 2020 Sep 25.","García-Salido A","Med Clin (Barc)","2021","2020/11/08","PMC7518227","","10.1016/j.medcli.2020.09.002"
"32299741","[Observational and cross-sectional study on the use of homeopathy in a paediatric emergency care service]","Arévalo-Cenzual A, Garriga Ferrer-Bergua L, Cabrero-Hernández M, Andina-Martínez D, García-Salido A.","An Pediatr (Engl Ed). 2021 Jan;94(1):46-48. doi: 10.1016/j.anpedi.2020.02.013. Epub 2020 Apr 13.","Arévalo-Cenzual A","An Pediatr (Engl Ed)","2021","2020/04/18","","","10.1016/j.anpedi.2020.02.013"
"32852101","sRAGE as severe acute bronchiolitis biomarker, prospective observational study","Sierra-Colomina M, García-Salido A, Leoz-Gordillo I, Martínez de Azagra-Garde A, Melen G, García-Teresa MÁ, Iglesias-Bouzas M, Nieto-Moro M, Ramírez-Orellana M, Serrano-González A.","Pediatr Pulmonol. 2020 Dec;55(12):3429-3436. doi: 10.1002/ppul.25048. Epub 2020 Sep 23.","Sierra-Colomina M","Pediatr Pulmonol","2020","2020/08/28","","","10.1002/ppul.25048"
"33243303","Severe manifestations of SARS-CoV-2 in children and adolescents: from COVID-19 pneumonia to multisystem inflammatory syndrome: a multicentre study in pediatric intensive care units in Spain","García-Salido A, de Carlos Vicente JC, Belda Hofheinz S, Balcells Ramírez J, Slöcker Barrio M, Leóz Gordillo I, Hernández Yuste A, Guitart Pardellans C, Cuervas-Mons Tejedor M, Huidobro Labarga B, Vázquez Martínez JL, Gutiérrez Jimeno M, Oulego-Erróz I, Trastoy Quintela J, Medina Monzón C, Medina Ramos L, Holanda Peña MS, Gil-Antón J, Sorribes Ortí C, Flores González JC, Hernández Palomo RM, Sánchez Ganfornina I, Fernández Romero E, García-Besteiro M, López-Herce Cid J, González Cortés R; Spanish Pediatric Intensive Care Society working group on SARS-CoV-2 infection.","Crit Care. 2020 Nov 26;24(1):666. doi: 10.1186/s13054-020-03332-4.","García-Salido A","Crit Care","2020","2020/11/27","PMC7689392","","10.1186/s13054-020-03332-4"
"32602267","SARS-CoV-2 and Streptococcus pneumoniae coinfection as a cause of severe pneumonia in an infant","Nieto-Moro M, Ecclesia FG, Tomé-Masa I, De Lama Caro-Patón G, Leoz-Gordillo I, Cabrero-Hernández M, García-Salido A.","Pediatr Pulmonol. 2020 Sep;55(9):2198-2200. doi: 10.1002/ppul.24916. Epub 2020 Jun 29.","Nieto-Moro M","Pediatr Pulmonol","2020","2020/07/01","PMC7361827","","10.1002/ppul.24916"
"32591320","[Neonatal apnea as initial manifestation of SARS-CoV-2 infection]","González Brabin A, Iglesias-Bouzas MI, Nieto-Moro M, Martínez de Azagra-Garde A, García-Salido A.","An Pediatr (Engl Ed). 2020 Sep;93(3):215-216. doi: 10.1016/j.anpedi.2020.05.008. Epub 2020 Jun 11.","González Brabin A","An Pediatr (Engl Ed)","2020","2020/06/28","PMC7287433","","10.1016/j.anpedi.2020.05.008"
"32572533","A multicenter national survey of children with SARS-CoV-2 infection admitted to Spanish Pediatric Intensive Care Units","González Cortés R, García-Salido A, Roca Pascual D, Slöcker Barrio M, de Carlos Vicente JC; SECIP Study Group on SARS-CoV-2 in Critically Ill Pediatric Patients.","Intensive Care Med. 2020 Sep;46(9):1774-1776. doi: 10.1007/s00134-020-06146-8. Epub 2020 Jun 22.","González Cortés R","Intensive Care Med","2020","2020/06/24","PMC7306558","","10.1007/s00134-020-06146-8"
"32506837","SARS-CoV-2 children transmission: The evidence is that today we do not have enough evidence","García-Salido A.","Acta Paediatr. 2020 Sep;109(9):1912. doi: 10.1111/apa.15396. Epub 2020 Jul 6.","García-Salido A","Acta Paediatr","2020","2020/06/08","PMC7300790","","10.1111/apa.15396"
"32765164","Normal fecal calprotectin levels in healthy children are higher than in adults and decrease with age","Velasco Rodríguez-Belvís M, Viada Bris JF, Plata Fernández C, García-Salido A, Asensio Antón J, Domínguez Ortega G, Muñoz Codoceo RA.","Paediatr Child Health. 2020 Aug;25(5):286-292. doi: 10.1093/pch/pxz070. Epub 2019 Jun 17.","Velasco Rodríguez-Belvís M","Paediatr Child Health","2020","2020/08/09","PMC7395315","","10.1093/pch/pxz070"
"32467457","Severe SARS-CoV-2 Infection in Children With Suspected Acute Abdomen: A Case Series From a Tertiary Hospital in Spain","Cabrero-Hernández M, García-Salido A, Leoz-Gordillo I, Alonso-Cadenas JA, Gochi-Valdovinos A, González Brabin A, De Lama Caro-Patón G, Nieto-Moro M, de-Azagra-Garde AM, Serrano-González A.","Pediatr Infect Dis J. 2020 Aug;39(8):e195-e198. doi: 10.1097/INF.0000000000002777.","Cabrero-Hernández M","Pediatr Infect Dis J","2020","2020/05/30","","","10.1097/INF.0000000000002777"
"32459790","Children in Critical Care Due to Severe Acute Respiratory Syndrome Coronavirus 2 Infection: Experience in a Spanish Hospital","García-Salido A, Leoz-Gordillo I, Martínez de Azagra-Garde A, Nieto-Moro M, Iglesias-Bouzas MI, García-Teresa MÁ, Cabrero-Hernández M, De Lama Caro-Patón G, Gochi Valdovinos A, González-Brabin A, Serrano-González A.","Pediatr Crit Care Med. 2020 Aug;21(8):e576-e580. doi: 10.1097/PCC.0000000000002475.","García-Salido A","Pediatr Crit Care Med","2020","2020/05/28","PMC7255394","","10.1097/PCC.0000000000002475"
"33521168","Narrative review of the immune response against coronavirus: An overview, applicability for SARS-COV-2, and therapeutic implications","García-Salido A.","An Pediatr (Engl Ed). 2020 Jul;93(1):60.e1-60.e7. doi: 10.1016/j.anpede.2020.04.006. Epub 2020 Jun 8.","García-Salido A","An Pediatr (Engl Ed)","2020","2021/02/01","PMC7832994","","10.1016/j.anpede.2020.04.006"
"32525644","Three Hypotheses About Children COVID19","García-Salido A.","Pediatr Infect Dis J. 2020 Jul;39(7):e157. doi: 10.1097/INF.0000000000002701.","García-Salido A","Pediatr Infect Dis J","2020","2020/06/12","","","10.1097/INF.0000000000002701"
"32439309","[Narrative review of the immune response against coronavirus: An overview, applicability for SARS-COV-2, and therapeutic implications]","García-Salido A.","An Pediatr (Engl Ed). 2020 Jul;93(1):60.e1-60.e7. doi: 10.1016/j.anpedi.2020.04.016. Epub 2020 Apr 25.","García-Salido A","An Pediatr (Engl Ed)","2020","2020/05/23","PMC7183283","","10.1016/j.anpedi.2020.04.016"
"32376082","Utility of the transcranial doppler in the evaluation and follow-up of children with Sturge-Weber Syndrome","Jiménez-Legido M, Martínez-de-Azagra-Garde A, Bernardino-Cuesta B, Solís-Muñiz I, Soto-Insuga V, Cantarín-Extremera V, García-Salido A, Duat-Rodríguez A, García-Peñas JJ, Ruíz-Falcó-Rojas ML.","Eur J Paediatr Neurol. 2020 Jul;27:60-66. doi: 10.1016/j.ejpn.2020.04.006. Epub 2020 Apr 19.","Jiménez-Legido M","Eur J Paediatr Neurol","2020","2020/05/08","","","10.1016/j.ejpn.2020.04.006"
"32150006","Retrospective Study in Children With Necrotizing Pneumonia: Nine Years of Intensive Care Experience","Blanco-Iglesias E, Oñoro G, Almodovar-Martín JL, García-Salido A, De Lama Caro-Patón G, Martínez de Azagra-Garde A, Serrano-González A, Casado-Flores J.","Pediatr Infect Dis J. 2020 Jul;39(7):571-575. doi: 10.1097/INF.0000000000002633.","Blanco-Iglesias E","Pediatr Infect Dis J","2020","2020/03/10","","","10.1097/INF.0000000000002633"
"31103220","CD64 expression on monocytes and granulocytes in pediatric acute appendicitis scenario: A pilot study in pediatric critical care","García-Salido A, De Lucio-Rodríguez M, Alonso Calderón JL, De Lama Caro-Patón G, Ramírez-Orellana M, Serrano-González A.","Med Intensiva (Engl Ed). 2020 Jun-Jul;44(5):315-317. doi: 10.1016/j.medin.2019.03.005. Epub 2019 May 15.","García-Salido A","Med Intensiva (Engl Ed)","2020","2019/05/20","","","10.1016/j.medin.2019.03.005"
"32197786","Letter to the editor: The role of breast milk in fecal calprotectin levels in healthy infants","Velasco Rodríguez-Belvís M, Palomino Pérez LM, García Salido A, Plata Fernández C, Muñoz Codoceo RA.","Early Hum Dev. 2020 Apr;143:105012. doi: 10.1016/j.earlhumdev.2020.105012. Epub 2020 Mar 17.","Velasco Rodríguez-Belvís M","Early Hum Dev","2020","2020/03/22","","","10.1016/j.earlhumdev.2020.105012"
"30890313","[Hospital admissions into paediatric palliative care: A retrospective study]","de Noriega Í, Barceló M, Pérez MÁ, Puertas V, García-Salido A, Martino R.","An Pediatr (Engl Ed). 2020 Feb;92(2):94-101. doi: 10.1016/j.anpedi.2019.02.001. Epub 2019 Mar 16.","de Noriega Í","An Pediatr (Engl Ed)","2020","2019/03/21","","","10.1016/j.anpedi.2019.02.001"
"31722860","[«I Prepare My Rotation By», a virtual complement of paediatric specialist training]","Hijano Bandera F, González de Dios J, Pavo García MR, Peiró Molina E, Villaizán Pérez C, Ochoa Sangrador C, Mellado Peña MJ; Coordinadores de Continuum.","An Pediatr (Engl Ed). 2019 Dec;91(6):414.e1-414.e6. doi: 10.1016/j.anpedi.2019.10.001. Epub 2019 Nov 10.","Hijano Bandera F","An Pediatr (Engl Ed)","2019","2019/11/15","","","10.1016/j.anpedi.2019.10.001"
"31440794","A fair commentary to ""the pause"": author´s reply","García-Salido A.","Intensive Care Med. 2019 Oct;45(10):1494. doi: 10.1007/s00134-019-05747-2. Epub 2019 Aug 22.","García-Salido A","Intensive Care Med","2019","2019/08/24","","","10.1007/s00134-019-05747-2"
"29287931","Flow cytometry analysis of CD64, CD18, CD11a and CD11b in four children with Bordetella pertussis infection and admitted to critical care: New biomarkers?","García-Salido A, Serrano-González A, de Azagra-Garde AM, Nieto-Moro M, Melen GJ, Ramírez-Orellana M.","Med Intensiva (Engl Ed). 2019 Oct;43(7):446-449. doi: 10.1016/j.medin.2017.10.007. Epub 2017 Dec 26.","García-Salido A","Med Intensiva (Engl Ed)","2019","2017/12/31","","","10.1016/j.medin.2017.10.007"
"30712229","Accuracy of CD64 expression on neutrophils and monocytes in bacterial infection diagnosis at pediatric intensive care admission","García-Salido A, de Azagra-Garde AM, García-Teresa MA, Caro-Patón GL, Iglesias-Bouzas M, Nieto-Moro M, Leoz-Gordillo I, Niño-Taravilla C, Sierra-Colomina M, Melen GJ, Ramírez-Orellana M, Serrano-González A.","Eur J Clin Microbiol Infect Dis. 2019 Jun;38(6):1079-1085. doi: 10.1007/s10096-019-03497-z. Epub 2019 Feb 2.","García-Salido A","Eur J Clin Microbiol Infect Dis","2019","2019/02/04","","","10.1007/s10096-019-03497-z"
"29526323","Narrative review of pediatric critical care humanization: Where we are?","García-Salido A, Heras la Calle G, Serrano González A.","Med Intensiva (Engl Ed). 2019 Jun-Jul;43(5):290-298. doi: 10.1016/j.medin.2018.01.006. Epub 2018 Mar 9.","García-Salido A","Med Intensiva (Engl Ed)","2019","2018/03/13","","","10.1016/j.medin.2018.01.006"
"30840121","A thirty second pause","García-Salido A, Clemente-Garulo D, Escalada-Pellitero S, Serrano-González A.","Intensive Care Med. 2019 May;45(5):707-708. doi: 10.1007/s00134-019-05581-6. Epub 2019 Mar 6.","García-Salido A","Intensive Care Med","2019","2019/03/07","","","10.1007/s00134-019-05581-6"
"30614979","Death and Dying in the PICU, a Change in Mentality Journey","García-Salido A, Martino-Alba R, Serrano-González A.","Pediatr Crit Care Med. 2019 Jan;20(1):93. doi: 10.1097/PCC.0000000000001762.","García-Salido A","Pediatr Crit Care Med","2019","2019/01/08","","","10.1097/PCC.0000000000001762"
"30560775","Enterovirus A71 Infection and Neurologic Disease, Madrid, Spain, 2016","Taravilla CN, Pérez-Sebastián I, Salido AG, Serrano CV, Extremera VC, Rodríguez AD, Marín LL, Sanz MA, Traba OMS, González AS.","Emerg Infect Dis. 2019 Jan;25(1):25-32. doi: 10.3201/eid2501.181089.","Taravilla CN","Emerg Infect Dis","2019","2018/12/19","PMC6302576","","10.3201/eid2501.181089"
"29773236","Mortality and adequacy of therapeutic effort in a tertiary pediatric intensive care department: An 11-year review","Leoz Gordillo I, García-Salido A, Niño Taravilla C, de Lama Caro-Patón G, Iglesias Bouzas MI, Serrano González A.","Med Intensiva (Engl Ed). 2018 Dec;42(9):561-563. doi: 10.1016/j.medin.2018.03.009.","Leoz Gordillo I","Med Intensiva (Engl Ed)","2018","2018/05/19","","","10.1016/j.medin.2018.03.009"
"30204993","[Coinfection by astrovirus and Neisseria B meningitidis in a girl]","García-Salido A, García-Brunet A, Pérez-Sebastiána I, Blanco-Iglesias E, Unzueta-Roch JL, Serrano-González A.","Arch Argent Pediatr. 2018 Oct 1;116(5):e659-e663. doi: 10.5546/aap.2018.e659.","García-Salido A","Arch Argent Pediatr","2018","2018/09/12","","","10.5546/aap.2018.e659"
"29723156","Circulating soluble RAGE and cell surface RAGE on peripheral blood mononuclear cells in healthy children","García-Salido A, Melen G, Gómez-Piña V, Oñoro-Otero G, Serrano-González A, Casado-Flores J, Ramírez M.","J Pediatr Endocrinol Metab. 2018 Jun 27;31(6):649-654. doi: 10.1515/jpem-2017-0512.","García-Salido A","J Pediatr Endocrinol Metab","2018","2018/05/04","","","10.1515/jpem-2017-0512"
"29321081","The clock: Not a question of time","García-Salido A, Martino-Albar R.","Palliat Support Care. 2018 Jun;16(3):365-366. doi: 10.1017/S1478951517001067. Epub 2018 Jan 11.","García-Salido A","Palliat Support Care","2018","2018/01/12","","","10.1017/S1478951517001067"
"29485692","CD64 on monocytes and granulocytes in severe acute bronchiolitis: Pilot study on its usefulness as a bacterial infection biomarker","García-Salido A, Serrano-González A, Casado-Flores J, Sierra-Colomina M, de Azagra-Garde AM, García-Teresa MÁ, Melen GJ, Ramírez-Orellana M.","J Leukoc Biol. 2018 May;103(5):965-971. doi: 10.1002/JLB.4AB0417-152RRR. Epub 2018 Feb 27.","García-Salido A","J Leukoc Biol","2018","2018/02/28","","","10.1002/JLB.4AB0417-152RRR"
"28428012","[Retrospective study of children referred from paediatric intensive care to palliative care: Why and for what]","García-Salido A, Santos-Herranz P, Puertas-Martín V, García-Teresa MÁ, Martino-Alba R, Serrano-González A.","An Pediatr (Engl Ed). 2018 Jan;88(1):3-11. doi: 10.1016/j.anpedi.2016.11.008. Epub 2017 Apr 17.","García-Salido A","An Pediatr (Engl Ed)","2018","2017/04/22","","","10.1016/j.anpedi.2016.11.008"
"27777024","[Elevated thyroid hormone levels following low molecular weight heparin administration]","de Noriega Echevarría I, García-Salido A, Muñoz-Calvo MT, Argente J.","An Pediatr (Barc). 2017 Jul;87(1):50-51. doi: 10.1016/j.anpedi.2016.09.006. Epub 2016 Oct 21.","de Noriega Echevarría I","An Pediatr (Barc)","2017","2016/10/26","","","10.1016/j.anpedi.2016.09.006"
"26466147","Pediatric Disseminated Lemierre Syndrome in 2 Infants: Not Too Young for an Ancient Disease","García-Salido A, Unzueta-Roch JL, García-Teresa MÁ, Sirvent-Cerdá S, Martínez de Azagra-Garde A, Casado-Flores J.","Pediatr Emerg Care. 2017 Jul;33(7):490-493. doi: 10.1097/PEC.0000000000000570.","García-Salido A","Pediatr Emerg Care","2017","2015/10/15","","","10.1097/PEC.0000000000000570"
"27746075","[Needs of children with spinal muscular atrophy type 1: Let's talk first about «live» rather than «die»]","García-Salido A, Martino-Alba R.","An Pediatr (Barc). 2017 Mar;86(3):171-172. doi: 10.1016/j.anpedi.2016.08.009. Epub 2016 Oct 13.","García-Salido A","An Pediatr (Barc)","2017","2016/10/18","","","10.1016/j.anpedi.2016.08.009"
"27847984","Knock, knock, knockin'… on critical care's door","García-Salido A, Serrano-González A.","Intensive Care Med. 2017 Feb;43(2):232. doi: 10.1007/s00134-016-4619-6. Epub 2016 Nov 15.","García-Salido A","Intensive Care Med","2017","2016/11/17","","","10.1007/s00134-016-4619-6"
"27741094","Enucleation Caused by Fusarium Infection in a Child With Toxic Epidermal Necrolysis","Barranco-Fernández I, García-Salido A, Nieto-Moro M, Sierra-Colomina M, Gutierrez-Partida B, de Prada-Vicente I, Torrelo-Fernández A, Serrano-González A.","Pediatr Infect Dis J. 2017 Jan;36(1):115-117. doi: 10.1097/INF.0000000000001372.","Barranco-Fernández I","Pediatr Infect Dis J","2017","2016/10/15","","","10.1097/INF.0000000000001372"
"26619931","[Critically ill pediatric hemato-oncology patient: What we do is what we should do?]","García-Salido A, Nieto-Moro M, Iglesias-Bouzas MI, González-Vicent M, Serrano-González A, Casado-Flores J.","An Pediatr (Barc). 2016 Aug;85(2):61-69. doi: 10.1016/j.anpedi.2015.07.037. Epub 2015 Nov 25.","García-Salido A","An Pediatr (Barc)","2016","2015/12/02","","","10.1016/j.anpedi.2015.07.037"
"26805400","[Continuum, the continuing education platform based on a competency matrix]","Ochoa Sangrador C, Villaizán Pérez C, González de Dios J, Hijano Bandera F, Málaga Guerrero S; coordinadores de Continuum.","An Pediatr (Barc). 2016 Apr;84(4):238.e1-8. doi: 10.1016/j.anpedi.2015.12.002. Epub 2016 Jan 21.","Ochoa Sangrador C","An Pediatr (Barc)","2016","2016/01/26","","","10.1016/j.anpedi.2015.12.002"
"26056792","Respiratory Failure in Children With Hemato-oncological Diseases Admitted to the PICU: A Single-center Experience","García-Salido A, Mastro-Martínez I, Cabeza-Martín B, Oñoro G, Nieto-Moro M, Iglesias-Bouzas MI, Serrano-González A, Casado-Flores J.","J Pediatr Hematol Oncol. 2015 Aug;37(6):449-54. doi: 10.1097/MPH.0000000000000377.","García-Salido A","J Pediatr Hematol Oncol","2015","2015/06/10","","","10.1097/MPH.0000000000000377"
"25543995","[Bilateral foreign body in chest x-ray]","Velasco Rodríguez-Belvís M, de Lama Caro-Patón G, García-Salido A, García Teresa MA.","An Pediatr (Barc). 2015 May;82(5):e205-6. doi: 10.1016/j.anpedi.2014.11.011. Epub 2014 Dec 24.","Velasco Rodríguez-Belvís M","An Pediatr (Barc)","2015","2014/12/30","","","10.1016/j.anpedi.2014.11.011"
"24565112","Palliative care in children with spinal muscular atrophy type I: What do they need?","García-Salido A, de Paso-Mora MG, Monleón-Luque M, Martino-Alba R.","Palliat Support Care. 2015 Apr;13(2):313-7. doi: 10.1017/S1478951514000042. Epub 2014 Feb 24.","García-Salido A","Palliat Support Care","2015","2014/02/26","","","10.1017/S1478951514000042"
"25355250","Serum sRAGE as a potential biomarker for pediatric bronchiolitis: a pilot study","García-Salido A, Oñoro G, Melen GJ, Gómez-Piña V, Serrano-González A, Ramírez-Orellana M, Casado-Flores J.","Lung. 2015 Feb;193(1):19-23. doi: 10.1007/s00408-014-9663-9. Epub 2014 Oct 30.","García-Salido A","Lung","2015","2014/10/31","","","10.1007/s00408-014-9663-9"
"32289039","Extreme reactive thrombocytosis in a healthy 6 year-old child","de Lama Caro-Patón G, García-Salido A, Iglesias-Bouzas MI, Guillén M, Cañedo-Villaroya E, Martínez-Romera I, Serrano-González A, Casado-Flores J.","An Pediatr (Engl Ed). 2014 Nov;81(5):318-321. doi: 10.1016/j.anpede.2013.10.014. Epub 2014 Oct 25.","de Lama Caro-Patón G","An Pediatr (Engl Ed)","2014","2020/04/15","PMC7146764","","10.1016/j.anpede.2013.10.014"
"24467824","[""Hourglass"" image due to a post-surgical hiatal hernia]","Porras-Cantarero JA, García-Salido A, Rodríguez-Minguez A, Martino-Alba R.","An Pediatr (Barc). 2014 Nov;81(5):332-3. doi: 10.1016/j.anpedi.2013.12.007. Epub 2014 Jan 24.","Porras-Cantarero JA","An Pediatr (Barc)","2014","2014/01/29","","","10.1016/j.anpedi.2013.12.007"
"24315421","[Extreme reactive thrombocytosis in a healthy 6 year-old child]","de Lama Caro-Patón G, García-Salido A, Iglesias-Bouzas MI, Guillén M, Cañedo-Villaroya E, Martínez-Romera I, Serrano-González A, Casado-Flores J.","An Pediatr (Barc). 2014 Nov;81(5):318-21. doi: 10.1016/j.anpedi.2013.10.017. Epub 2013 Dec 4.","de Lama Caro-Patón G","An Pediatr (Barc)","2014","2013/12/10","PMC7105075","","10.1016/j.anpedi.2013.10.017"
"24144680","TLR2-TLR4/CD14 polymorphisms and predisposition to severe invasive infections by Neisseria meningitidis and Streptococcus pneumoniae","Tellería-Orriols JJ, García-Salido A, Varillas D, Serrano-González A, Casado-Flores J.","Med Intensiva. 2014 Aug-Sep;38(6):356-62. doi: 10.1016/j.medin.2013.08.006. Epub 2013 Oct 19.","Tellería-Orriols JJ","Med Intensiva","2014","2013/10/23","","","10.1016/j.medin.2013.08.006"
"24280424","[Systemic inflammatory response syndrome and septic shock due to parvovirus B19 in a healthy child]","García-Salido A, Serrano A, Iglesias-Bouzas MI, Blanco-Iglesias E, Hernández-Martín A, Casado-Flores J.","An Pediatr (Barc). 2014 Apr;80(4):269-70. doi: 10.1016/j.anpedi.2013.09.020. Epub 2013 Nov 23.","García-Salido A","An Pediatr (Barc)","2014","2013/11/28","","","10.1016/j.anpedi.2013.09.020"
"23796610","[Withdrawal of assisted ventilation in the home: making decisions in paediatric palliative care]","García-Salido A, Monleón-Luque M, Barceló-Escario M, Del Rincón-Fernández C, Catá-Del Palacio E, Martino-Alba R.","An Pediatr (Barc). 2014 Mar;80(3):181-3. doi: 10.1016/j.anpedi.2013.05.007. Epub 2013 Jun 21.","García-Salido A","An Pediatr (Barc)","2014","2013/06/26","","","10.1016/j.anpedi.2013.05.007"
"23015044","Management of unstable pediatric hemato-oncology patient: results of a Web-based survey to pediatric oncologists in Spain","García-Salido A, Iglesias-Bouzas MI, Nieto-Moro M, Lassaleta-Atienza A, Serrano-González A, Casado-Flores J.","Eur J Pediatr. 2013 Jan;172(1):51-8. doi: 10.1007/s00431-012-1840-3. Epub 2012 Sep 27.","García-Salido A","Eur J Pediatr","2013","2012/09/28","","","10.1007/s00431-012-1840-3"
"22549439","Leukoreduction in patients with severe pertussis with hyperleukocytosis","Oñoro G, Salido AG, Martínez IM, Cabeza B, Gillén M, de Azagra AM.","Pediatr Infect Dis J. 2012 Aug;31(8):873-6. doi: 10.1097/INF.0b013e31825ba6cf.","Oñoro G","Pediatr Infect Dis J","2012","2012/05/03","","","10.1097/INF.0b013e31825ba6cf"
"22134609","Pleuropulmonary blastoma as characteristic cause of pneumothorax","Cabeza B, Oñoro G, Salido AG, Lassaletta A, de Prada I, Albi G, de Mingo L, Serrano A.","J Pediatr Hematol Oncol. 2012 Jan;34(1):e42-4. doi: 10.1097/MPH.0b013e3182287d88.","Cabeza B","J Pediatr Hematol Oncol","2012","2011/12/03","","","10.1097/MPH.0b013e3182287d88"
"21803457","[Breathing difficulties in children subjected to bone marrow transplantation]","García Salido A, Nieto Moro M, Casado Flores J.","Med Intensiva. 2011 Dec;35(9):569-77. doi: 10.1016/j.medin.2011.06.006. Epub 2011 Jul 30.","García Salido A","Med Intensiva","2011","2011/08/02","","","10.1016/j.medin.2011.06.006"
"21803456","[Breathing difficulties in children with cancer]","García Salido A, Nieto Moro M, Casado Flores J.","Med Intensiva. 2011 Dec;35(9):562-8. doi: 10.1016/j.medin.2011.06.005. Epub 2011 Jul 30.","García Salido A","Med Intensiva","2011","2011/08/02","","","10.1016/j.medin.2011.06.005"
"21818021","Decompressive craniectomy in 14 children with severe head injury: clinical results with long-term follow-up and review of the literature","Pérez Suárez E, Serrano González A, Pérez Díaz C, García Salido A, Martínez de Azagra Garde A, Casado Flores J.","J Trauma. 2011 Jul;71(1):133-40. doi: 10.1097/TA.0b013e318211071f.","Pérez Suárez E","J Trauma","2011","2011/08/06","","","10.1097/TA.0b013e318211071f"
"21470925","[Recurrent acute severe anaemia as the principal sign of idiopathic pulmonary haemosiderosis]","Sanz Santiago V, López Neyra A, Castro Codesal M, Sevilla Navarro J, García Salido A, Villa Asensi JR.","An Pediatr (Barc). 2011 Jul;75(1):75-7. doi: 10.1016/j.anpedi.2011.02.017. Epub 2011 Apr 5.","Sanz Santiago V","An Pediatr (Barc)","2011","2011/04/08","","","10.1016/j.anpedi.2011.02.017"
"21419738","[Pneumonia and pleural effusion due to Panton-Valentine leukodin produced by methicillin resistant Staphylococcus aureus]","García Salido A, Nieto Moro M, García Ruiz S, Oñoro Otero G, Pérez Suárez E, Serrano González A.","An Pediatr (Barc). 2011 Jul;75(1):82-3. doi: 10.1016/j.anpedi.2011.02.002. Epub 2011 Mar 17.","García Salido A","An Pediatr (Barc)","2011","2011/03/23","","","10.1016/j.anpedi.2011.02.002"
"21283937","[Chance fracture missed by convencional CT: Presentation of a clinical course]","Pérez Suárez E, Carceller F, García Salido A, Serrano A, Casado J.","Arch Argent Pediatr. 2011 Feb;109(1):13-6. doi: 10.1590/S0325-00752011000100018.","Pérez Suárez E","Arch Argent Pediatr","2011","2011/02/02","","","10.1590/S0325-00752011000100018"
"20605118","[Acute gastric dilation due to food gorging: Could be a life-threatening emergency]","García Salido A, Martínez de Azagra A, de la Torre Espí M, Pérez Suárez E, López Neyra A, Cañedo Villarroya E.","An Pediatr (Barc). 2010 Sep;73(3):148-9. doi: 10.1016/j.anpedi.2010.05.009. Epub 2010 Jul 4.","García Salido A","An Pediatr (Barc)","2010","2010/07/08","","","10.1016/j.anpedi.2010.05.009"
"20605542","[Arsenic trioxide treatment in a patient with recurrent acute promyelocytic leukemia (APL)]","Moreno Tejero ML, Lassaletta Atienza A, García Salido A, Sevilla Navarro J, Madero López L.","An Pediatr (Barc). 2010 Jul;73(1):39-41. doi: 10.1016/j.anpedi.2010.04.010. Epub 2010 Jun 4.","Moreno Tejero ML","An Pediatr (Barc)","2010","2010/07/08","","","10.1016/j.anpedi.2010.04.010"
"19951653","[Pool palms]","Lopez-Neyra A, Vano-Galvan S, Alvarez-Twose I, García-Salido A.","Dermatol Online J. 2009 Nov 15;15(11):17.","Lopez-Neyra A","Dermatol Online J","2009","2009/12/03","","",""
